Graph,S,T,D,MethodId,Method,Status,Reliability,TimeSec,Recursions,CompletedRuns,MinTimeSec,MaxTimeSec,Error
2_blocks_sausage_s3_kao.txt,0,14,5,5,m5: Block + Conv + Modified Cancela-Petingi,OK,0.793878966090000,0.000082,8,8,0.000064,0.000115,
2_blocks_sausage_s3_kao.txt,0,14,5,4,m4: Cancela-Petingi (Nesterov),OK,0.793878966090000,0.000034,4,8,0.000023,0.000091,
2_blocks_sausage_s3_kao.txt,0,14,5,3,m3: Block + Conv + Modified Facto,OK,0.793878966089966,0.023000,23048,8,0.022000,0.025000,
2_blocks_sausage_s3_kao.txt,0,14,5,2,m2: Block + Conv + Simple Facto,OK,0.793878966089966,0.011500,14224,8,0.011000,0.012000,
2_blocks_sausage_s3_kao.txt,0,14,5,1,m1: Block + Pure Facto,OK,0.793878966089966,0.049000,59438,8,0.047000,0.055000,
2_blocks_sausage_s3_kao.txt,0,14,5,0,m0: Pure Factoring,OK,0.793878966109304,20.963137,20709393,8,20.361927,21.507452,
2_blocks_sausage_s3_kao.txt,0,14,6,5,m5: Block + Conv + Modified Cancela-Petingi,OK,0.955550868472287,0.012563,2586,8,0.012348,0.018337,
2_blocks_sausage_s3_kao.txt,0,14,6,4,m4: Cancela-Petingi (Nesterov),OK,0.955550868472287,0.002097,200,8,0.001907,0.002763,
2_blocks_sausage_s3_kao.txt,0,14,6,3,m3: Block + Conv + Modified Facto,OK,0.955550868472250,0.024500,23112,8,0.022000,0.030000,
2_blocks_sausage_s3_kao.txt,0,14,6,2,m2: Block + Conv + Simple Facto,OK,0.955550868472231,0.030000,32498,8,0.028000,0.042000,
2_blocks_sausage_s3_kao.txt,0,14,6,1,m1: Block + Pure Facto,OK,0.955550868472231,0.089000,90112,8,0.080000,0.103000,
2_blocks_sausage_s3_kao.txt,0,14,6,0,m0: Pure Factoring,OK,0.955550868509962,35.084822,35328313,8,34.887326,35.475467,
2_blocks_sausage_s3_kao.txt,0,14,7,5,m5: Block + Conv + Modified Cancela-Petingi,OK,0.990572690204730,0.028297,4524,8,0.024801,0.036067,
2_blocks_sausage_s3_kao.txt,0,14,7,4,m4: Cancela-Petingi (Nesterov),OK,0.990572690204730,0.029107,1245,8,0.025115,0.036101,
2_blocks_sausage_s3_kao.txt,0,14,7,3,m3: Block + Conv + Modified Facto,OK,0.990572690204692,0.024000,23124,8,0.022000,0.026000,
2_blocks_sausage_s3_kao.txt,0,14,7,2,m2: Block + Conv + Simple Facto,OK,0.990572690204660,0.049000,55160,8,0.047000,0.056000,
2_blocks_sausage_s3_kao.txt,0,14,7,1,m1: Block + Pure Facto,OK,0.990572690204660,0.106500,124794,8,0.104000,0.129000,
2_blocks_sausage_s3_kao.txt,0,14,7,0,m0: Pure Factoring,OK,0.990572690257652,46.926491,47462997,8,44.372178,49.189239,
2_blocks_sausage_s3_kao.txt,0,14,8,5,m5: Block + Conv + Modified Cancela-Petingi,OK,0.992421864260888,0.029031,4525,8,0.028179,0.032029,
2_blocks_sausage_s3_kao.txt,0,14,8,4,m4: Cancela-Petingi (Nesterov),OK,0.992421864260888,0.487806,15341,8,0.452456,0.529919,
2_blocks_sausage_s3_kao.txt,0,14,8,3,m3: Block + Conv + Modified Facto,OK,0.992421864260851,0.025500,23124,8,0.017000,0.030000,
2_blocks_sausage_s3_kao.txt,0,14,8,2,m2: Block + Conv + Simple Facto,OK,0.992421864260815,0.066500,78228,8,0.063000,0.082000,
2_blocks_sausage_s3_kao.txt,0,14,8,1,m1: Block + Pure Facto,OK,0.992421864260815,0.139500,159864,8,0.129000,0.146000,
2_blocks_sausage_s3_kao.txt,0,14,8,0,m0: Pure Factoring,OK,0.992421864321443,48.431857,51471843,8,45.683665,50.234007,
3_blocks_sausage_3x3_kao.txt,0,28,10,5,m5: Block + Conv + Modified Cancela-Petingi,OK,0.509826181948169,0.000130,9,8,0.000114,0.000309,
3_blocks_sausage_3x3_kao.txt,0,28,10,4,m4: Cancela-Petingi (Nesterov),OK,0.509826181948169,0.000102,4,8,0.000071,0.000176,
3_blocks_sausage_3x3_kao.txt,0,28,10,3,m3: Block + Conv + Modified Facto,OK,0.509826181948161,0.599000,101496,8,0.580000,0.743000,
3_blocks_sausage_3x3_kao.txt,0,28,10,2,m2: Block + Conv + Simple Facto,OK,0.509826181948818,0.175000,214147,8,0.170000,0.187000,
3_blocks_sausage_3x3_kao.txt,0,28,10,1,m1: Block + Pure Facto,OK,0.509826181948818,3.757500,4294110,8,3.684000,3.853000,
3_blocks_sausage_3x3_kao.txt,0,28,10,0,m0: Pure Factoring,TIMEOUT,,,0,0,,,
3_blocks_sausage_3x3_kao.txt,0,28,11,5,m5: Block + Conv + Modified Cancela-Petingi,OK,0.819793714073742,0.491145,52817,8,0.433123,0.568677,
3_blocks_sausage_3x3_kao.txt,0,28,11,4,m4: Cancela-Petingi (Nesterov),OK,0.819793714073742,0.012996,436,8,0.010767,0.014337,
3_blocks_sausage_3x3_kao.txt,0,28,11,3,m3: Block + Conv + Modified Facto,OK,0.819793714073727,0.877000,101496,8,0.812000,1.000000,
3_blocks_sausage_3x3_kao.txt,0,28,11,2,m2: Block + Conv + Simple Facto,OK,0.819793714075253,0.668000,524448,8,0.624000,0.762000,
3_blocks_sausage_3x3_kao.txt,0,28,11,1,m1: Block + Pure Facto,OK,0.819793714075253,8.531500,6722430,8,7.661000,9.914000,
3_blocks_sausage_3x3_kao.txt,0,28,11,0,m0: Pure Factoring,TIMEOUT,,,0,0,,,
3_blocks_sausage_3x3_kao.txt,0,28,12,5,m5: Block + Conv + Modified Cancela-Petingi,OK,0.934403607310576,0.836681,54762,8,0.677284,0.860540,
3_blocks_sausage_3x3_kao.txt,0,28,12,4,m4: Cancela-Petingi (Nesterov),OK,0.934403607310576,1.150056,15221,8,1.003424,1.312944,
3_blocks_sausage_3x3_kao.txt,0,28,12,3,m3: Block + Conv + Modified Facto,OK,0.934403607310560,0.918000,101496,8,0.802000,1.056000,
3_blocks_sausage_3x3_kao.txt,0,28,12,2,m2: Block + Conv + Simple Facto,OK,0.934403607312682,1.129500,881093,8,0.935000,1.260000,
3_blocks_sausage_3x3_kao.txt,0,28,12,1,m1: Block + Pure Facto,OK,0.934403607312682,13.566500,9759970,8,10.888000,16.636000,
3_blocks_sausage_3x3_kao.txt,0,28,12,0,m0: Pure Factoring,TIMEOUT,,,0,0,,,
3_blocks_sausage_3x3_kao.txt,0,28,13,5,m5: Block + Conv + Modified Cancela-Petingi,OK,0.959339550846875,0.725763,42156,8,0.683024,0.838123,
3_blocks_sausage_3x3_kao.txt,0,28,13,4,m4: Cancela-Petingi (Nesterov),OK,0.959339550846875,110.309461,458307,8,107.023302,118.397407,
3_blocks_sausage_3x3_kao.txt,0,28,13,3,m3: Block + Conv + Modified Facto,OK,0.959339550846859,0.971500,101496,8,0.813000,1.086000,
3_blocks_sausage_3x3_kao.txt,0,28,13,2,m2: Block + Conv + Simple Facto,OK,0.959339550849244,1.538500,1241100,8,1.413000,1.845000,
3_blocks_sausage_3x3_kao.txt,0,28,13,1,m1: Block + Pure Facto,OK,0.959339550849244,17.824000,13406934,8,15.584000,21.738000,
3_blocks_sausage_3x3_kao.txt,0,28,13,0,m0: Pure Factoring,TIMEOUT,,,0,0,,,
4_blocks_sausage_3x3_kao.txt,0,38,14,5,m5: Block + Conv + Modified Cancela-Petingi,OK,0.489090483797539,0.000231,16,8,0.000155,0.000275,
4_blocks_sausage_3x3_kao.txt,0,38,14,4,m4: Cancela-Petingi (Nesterov),OK,0.489090483797539,0.001306,29,8,0.000871,0.001492,
4_blocks_sausage_3x3_kao.txt,0,38,14,3,m3: Block + Conv + Modified Facto,OK,0.489090483797531,1.896500,131580,8,1.797000,2.003000,
4_blocks_sausage_3x3_kao.txt,0,38,14,2,m2: Block + Conv + Simple Facto,OK,0.489090483798791,0.597000,395498,8,0.499000,0.643000,
4_blocks_sausage_3x3_kao.txt,0,38,14,1,m1: Block + Pure Facto,OK,0.489090483798791,29.669000,23866644,8,28.723000,31.227000,
4_blocks_sausage_3x3_kao.txt,0,38,14,0,m0: Pure Factoring,TIMEOUT,,,0,0,,,
4_blocks_sausage_3x3_kao.txt,0,38,15,5,m5: Block + Conv + Modified Cancela-Petingi,OK,0.803143004288667,1.181038,105482,8,1.109361,1.343308,
4_blocks_sausage_3x3_kao.txt,0,38,15,4,m4: Cancela-Petingi (Nesterov),OK,0.803143004288667,0.995847,14906,8,0.888293,1.042956,
4_blocks_sausage_3x3_kao.txt,0,38,15,3,m3: Block + Conv + Modified Facto,OK,0.803143004288652,1.984000,131580,8,1.773000,2.048000,
4_blocks_sausage_3x3_kao.txt,0,38,15,2,m2: Block + Conv + Simple Facto,OK,0.803143004291625,1.360000,963902,8,1.215000,1.581000,
4_blocks_sausage_3x3_kao.txt,0,38,15,1,m1: Block + Pure Facto,OK,0.803143004291625,49.359500,34031164,8,46.739000,51.007000,
4_blocks_sausage_3x3_kao.txt,0,38,15,0,m0: Pure Factoring,TIMEOUT,,,0,0,,,
4_blocks_sausage_3x3_kao.txt,0,38,16,5,m5: Block + Conv + Modified Cancela-Petingi,OK,0.924565335478164,1.829452,102237,8,1.684753,1.910533,
4_blocks_sausage_3x3_kao.txt,0,38,16,4,m4: Cancela-Petingi (Nesterov),OK,0.924565335478164,334.999150,858570,8,331.849331,346.338747,
4_blocks_sausage_3x3_kao.txt,0,38,16,3,m3: Block + Conv + Modified Facto,OK,0.924565335478149,2.341500,131580,8,2.205000,2.431000,
4_blocks_sausage_3x3_kao.txt,0,38,16,2,m2: Block + Conv + Simple Facto,OK,0.924565335482338,3.278500,1606956,8,2.966000,3.352000,
4_blocks_sausage_3x3_kao.txt,0,38,16,1,m1: Block + Pure Facto,OK,0.924565335482338,94.277000,47185366,8,90.563000,98.424000,
4_blocks_sausage_3x3_kao.txt,0,38,16,0,m0: Pure Factoring,TIMEOUT,,,0,0,,,
4_blocks_sausage_3x3_kao.txt,0,38,17,5,m5: Block + Conv + Modified Cancela-Petingi,OK,0.953107508635242,1.987566,77756,8,1.834190,2.054048,
4_blocks_sausage_3x3_kao.txt,0,38,17,4,m4: Cancela-Petingi (Nesterov),TIMEOUT,,,0,0,,,
4_blocks_sausage_3x3_kao.txt,0,38,17,3,m3: Block + Conv + Modified Facto,OK,0.953107508635227,2.988500,131580,8,2.413000,3.444000,
4_blocks_sausage_3x3_kao.txt,0,38,17,2,m2: Block + Conv + Simple Facto,OK,0.953107508639971,4.076000,2256122,8,3.749000,5.051000,
4_blocks_sausage_3x3_kao.txt,0,38,17,1,m1: Block + Pure Facto,OK,0.953107508639971,121.825500,63907616,8,117.483000,134.260000,
4_blocks_sausage_3x3_kao.txt,0,38,17,0,m0: Pure Factoring,TIMEOUT,,,0,0,,,
4_blocks_sausage_s3_kao.txt,0,28,11,5,m5: Block + Conv + Modified Cancela-Petingi,OK,0.762593059732335,0.000290,22,8,0.000263,0.000308,
4_blocks_sausage_s3_kao.txt,0,28,11,4,m4: Cancela-Petingi (Nesterov),OK,0.762593059732335,0.008671,204,8,0.003887,0.034008,
4_blocks_sausage_s3_kao.txt,0,28,11,3,m3: Block + Conv + Modified Facto,OK,0.762593059732265,0.148000,47120,8,0.136000,0.177000,
4_blocks_sausage_s3_kao.txt,0,28,11,2,m2: Block + Conv + Simple Facto,OK,0.762593059732265,0.099000,34446,8,0.070000,0.104000,
4_blocks_sausage_s3_kao.txt,0,28,11,1,m1: Block + Pure Facto,OK,0.762593059732265,1.762000,749602,8,1.472000,2.506000,
4_blocks_sausage_s3_kao.txt,0,28,11,0,m0: Pure Factoring,TIMEOUT,,,0,0,,,
4_blocks_sausage_s3_kao.txt,0,28,12,5,m5: Block + Conv + Modified Cancela-Petingi,OK,0.941607316459213,0.140959,7724,8,0.096173,0.165734,
4_blocks_sausage_s3_kao.txt,0,28,12,4,m4: Cancela-Petingi (Nesterov),OK,0.941607316459213,10.358965,70664,8,8.794337,16.783697,
4_blocks_sausage_s3_kao.txt,0,28,12,3,m3: Block + Conv + Modified Facto,OK,0.941607316459132,0.154000,47120,8,0.116000,0.213000,
4_blocks_sausage_s3_kao.txt,0,28,12,2,m2: Block + Conv + Simple Facto,OK,0.941607316459098,0.229000,75842,8,0.186000,0.263000,
4_blocks_sausage_s3_kao.txt,0,28,12,1,m1: Block + Pure Facto,OK,0.941607316459098,2.836000,1084526,8,2.563000,4.084000,
4_blocks_sausage_s3_kao.txt,0,28,12,0,m0: Pure Factoring,TIMEOUT,,,0,0,,,
4_blocks_sausage_s3_kao.txt,0,28,13,5,m5: Block + Conv + Modified Cancela-Petingi,OK,0.981595123021451,0.195456,9042,8,0.150436,0.292589,
4_blocks_sausage_s3_kao.txt,0,28,13,4,m4: Cancela-Petingi (Nesterov),OK,0.981595123021451,1030.324701,1068982,8,767.229406,1413.479426,
4_blocks_sausage_s3_kao.txt,0,28,13,3,m3: Block + Conv + Modified Facto,OK,0.981595123021368,0.189000,47120,8,0.129000,0.246000,
4_blocks_sausage_s3_kao.txt,0,28,13,2,m2: Block + Conv + Simple Facto,OK,0.981595123021313,0.365500,122442,8,0.288000,0.518000,
4_blocks_sausage_s3_kao.txt,0,28,13,1,m1: Block + Pure Facto,OK,0.981595123021313,4.867000,1544696,8,3.126000,5.927000,
4_blocks_sausage_s3_kao.txt,0,28,13,0,m0: Pure Factoring,TIMEOUT,,,0,0,,,
4_blocks_sausage_s3_kao.txt,0,28,14,5,m5: Block + Conv + Modified Cancela-Petingi,OK,0.984783240063002,0.249132,8379,8,0.152548,0.337533,
4_blocks_sausage_s3_kao.txt,0,28,14,4,m4: Cancela-Petingi (Nesterov),TIMEOUT,,,0,0,,,
4_blocks_sausage_s3_kao.txt,0,28,14,3,m3: Block + Conv + Modified Facto,OK,0.984783240062918,0.228500,47120,8,0.133000,0.312000,
4_blocks_sausage_s3_kao.txt,0,28,14,2,m2: Block + Conv + Simple Facto,OK,0.984783240062858,0.612000,169492,8,0.377000,0.804000,
4_blocks_sausage_s3_kao.txt,0,28,14,1,m1: Block + Pure Facto,OK,0.984783240062858,7.796000,2144524,8,4.939000,9.785000,
4_blocks_sausage_s3_kao.txt,0,28,14,0,m0: Pure Factoring,TIMEOUT,,,0,0,,,
5_blocks_sausage_3x3_kao.txt,0,48,18,5,m5: Block + Conv + Modified Cancela-Petingi,OK,0.469198149901272,0.000387,23,8,0.000345,0.000641,
5_blocks_sausage_3x3_kao.txt,0,48,18,4,m4: Cancela-Petingi (Nesterov),OK,0.469198149901272,0.053421,204,8,0.021510,0.083649,
5_blocks_sausage_3x3_kao.txt,0,48,18,3,m3: Block + Conv + Modified Facto,OK,0.469198149901265,7.283500,161664,8,4.588000,10.062000,
5_blocks_sausage_3x3_kao.txt,0,48,18,2,m2: Block + Conv + Simple Facto,OK,0.469198149903078,2.043000,576849,8,1.332000,2.949000,
5_blocks_sausage_3x3_kao.txt,0,48,18,1,m1: Block + Pure Facto,OK,0.469198149903078,231.558500,94643144,4,209.057000,249.114000,
5_blocks_sausage_3x3_kao.txt,0,48,18,0,m0: Pure Factoring,TIMEOUT,,,0,0,,,
5_blocks_sausage_3x3_kao.txt,0,48,19,5,m5: Block + Conv + Modified Cancela-Petingi,OK,0.786490614460003,4.604724,158147,8,3.377903,6.098129,
5_blocks_sausage_3x3_kao.txt,0,48,19,4,m4: Cancela-Petingi (Nesterov),OK,0.786490614460003,315.546686,563967,8,222.719261,422.315778,
5_blocks_sausage_3x3_kao.txt,0,48,19,3,m3: Block + Conv + Modified Facto,OK,0.786490614459989,7.768500,161664,8,5.476000,10.278000,
5_blocks_sausage_3x3_kao.txt,0,48,19,2,m2: Block + Conv + Simple Facto,OK,0.786490614464331,5.158000,1403356,8,3.925000,7.369000,
5_blocks_sausage_3x3_kao.txt,0,48,19,1,m1: Block + Pure Facto,TIMEOUT,,,0,0,,,
5_blocks_sausage_3x3_kao.txt,0,48,19,0,m0: Pure Factoring,TIMEOUT,,,0,0,,,
5_blocks_sausage_3x3_kao.txt,0,48,20,5,m5: Block + Conv + Modified Cancela-Petingi,OK,0.914528148192714,6.957686,149712,8,4.595231,8.992682,
5_blocks_sausage_3x3_kao.txt,0,48,20,4,m4: Cancela-Petingi (Nesterov),TIMEOUT,,,0,0,,,
5_blocks_sausage_3x3_kao.txt,0,48,20,3,m3: Block + Conv + Modified Facto,OK,0.914528148192698,8.817000,161664,8,5.556000,11.803000,
5_blocks_sausage_3x3_kao.txt,0,48,20,2,m2: Block + Conv + Simple Facto,OK,0.914528148198885,9.782500,2332819,8,6.471000,13.509000,
5_blocks_sausage_3x3_kao.txt,0,48,20,1,m1: Block + Pure Facto,TIMEOUT,,,0,0,,,
5_blocks_sausage_3x3_kao.txt,0,48,20,0,m0: Pure Factoring,TIMEOUT,,,0,0,,,
5_blocks_sausage_3x3_kao.txt,0,48,21,5,m5: Block + Conv + Modified Cancela-Petingi,OK,0.946761009183546,7.151918,113356,8,5.069982,8.698477,
5_blocks_sausage_3x3_kao.txt,0,48,21,4,m4: Cancela-Petingi (Nesterov),TIMEOUT,,,0,0,,,
5_blocks_sausage_3x3_kao.txt,0,48,21,3,m3: Block + Conv + Modified Facto,OK,0.946761009183531,10.329000,161664,8,6.406000,16.340000,
5_blocks_sausage_3x3_kao.txt,0,48,21,2,m2: Block + Conv + Simple Facto,OK,0.946761009190585,16.126500,3271144,8,11.306000,25.252000,
5_blocks_sausage_3x3_kao.txt,0,48,21,1,m1: Block + Pure Facto,TIMEOUT,,,0,0,,,
5_blocks_sausage_3x3_kao.txt,0,48,21,0,m0: Pure Factoring,TIMEOUT,,,0,0,,,
6_blocks_sausage_3x3_kao.txt,0,58,22,5,m5: Block + Conv + Modified Cancela-Petingi,OK,0.450114878869546,0.000507,30,8,0.000442,0.003097,
6_blocks_sausage_3x3_kao.txt,0,58,22,4,m4: Cancela-Petingi (Nesterov),OK,0.450114878869546,1.232077,1429,8,0.610083,1.744797,
6_blocks_sausage_3x3_kao.txt,0,58,22,3,m3: Block + Conv + Modified Facto,OK,0.450114878869538,15.189500,191748,8,8.115000,22.106000,
6_blocks_sausage_3x3_kao.txt,0,58,22,2,m2: Block + Conv + Simple Facto,OK,0.450114878871858,4.144500,758200,8,2.430000,6.269000,
6_blocks_sausage_3x3_kao.txt,0,58,22,1,m1: Block + Pure Facto,TIMEOUT,,,0,0,,,
6_blocks_sausage_3x3_kao.txt,0,58,22,0,m0: Pure Factoring,TIMEOUT,,,0,0,,,
6_blocks_sausage_3x3_kao.txt,0,58,23,5,m5: Block + Conv + Modified Cancela-Petingi,OK,0.769864225173205,9.309883,210812,8,5.108737,12.968145,
6_blocks_sausage_3x3_kao.txt,0,58,23,4,m4: Cancela-Petingi (Nesterov),TIMEOUT,,,0,0,,,
6_blocks_sausage_3x3_kao.txt,0,58,23,3,m3: Block + Conv + Modified Facto,OK,0.769864225173192,16.326000,191748,8,13.254000,24.885000,
6_blocks_sausage_3x3_kao.txt,0,58,23,2,m2: Block + Conv + Simple Facto,OK,0.769864225178824,9.883000,1842810,8,7.818000,15.849000,
6_blocks_sausage_3x3_kao.txt,0,58,23,1,m1: Block + Pure Facto,TIMEOUT,,,0,0,,,
6_blocks_sausage_3x3_kao.txt,0,58,23,0,m0: Pure Factoring,TIMEOUT,,,0,0,,,
6_blocks_sausage_3x3_kao.txt,0,58,24,5,m5: Block + Conv + Modified Cancela-Petingi,OK,0.904302273156404,13.897121,197187,8,10.637146,20.078809,
6_blocks_sausage_3x3_kao.txt,0,58,24,4,m4: Cancela-Petingi (Nesterov),TIMEOUT,,,0,0,,,
6_blocks_sausage_3x3_kao.txt,0,58,24,3,m3: Block + Conv + Modified Facto,OK,0.904302273156389,2.362500,191748,8,2.159000,2.409000,
6_blocks_sausage_3x3_kao.txt,0,58,24,2,m2: Block + Conv + Simple Facto,OK,0.904302273164503,2.684500,3058682,8,2.538000,2.795000,
6_blocks_sausage_3x3_kao.txt,0,58,24,1,m1: Block + Pure Facto,TIMEOUT,,,0,0,,,
6_blocks_sausage_3x3_kao.txt,0,58,24,0,m0: Pure Factoring,TIMEOUT,,,0,0,,,
6_blocks_sausage_3x3_kao.txt,0,58,25,5,m5: Block + Conv + Modified Cancela-Petingi,OK,0.940298293689224,1.963000,148956,8,1.900729,2.063547,
6_blocks_sausage_3x3_kao.txt,0,58,25,4,m4: Cancela-Petingi (Nesterov),TIMEOUT,,,0,0,,,
6_blocks_sausage_3x3_kao.txt,0,58,25,3,m3: Block + Conv + Modified Facto,OK,0.940298293689209,2.501500,191748,8,2.380000,2.673000,
6_blocks_sausage_3x3_kao.txt,0,58,25,2,m2: Block + Conv + Simple Facto,OK,0.940298293698523,4.096500,4286166,8,3.761000,4.840000,
6_blocks_sausage_3x3_kao.txt,0,58,25,1,m1: Block + Pure Facto,TIMEOUT,,,0,0,,,
6_blocks_sausage_3x3_kao.txt,0,58,25,0,m0: Pure Factoring,TIMEOUT,,,0,0,,,
6_blocks_sausage_s3_kao.txt,0,42,17,5,m5: Block + Conv + Modified Cancela-Petingi,OK,0.732540096906907,0.000241,36,8,0.000220,0.009744,
6_blocks_sausage_s3_kao.txt,0,42,17,4,m4: Cancela-Petingi (Nesterov),OK,0.732540096906907,0.442687,10004,8,0.401365,0.512341,
6_blocks_sausage_s3_kao.txt,0,42,17,3,m3: Block + Conv + Modified Facto,OK,0.732540096906806,0.095500,71116,8,0.080000,0.117000,
6_blocks_sausage_s3_kao.txt,0,42,17,2,m2: Block + Conv + Simple Facto,OK,0.732540096906806,0.069500,54668,8,0.057000,0.084000,
6_blocks_sausage_s3_kao.txt,0,42,17,1,m1: Block + Pure Facto,OK,0.732540096906806,7.326500,6458390,8,6.686000,7.585000,
6_blocks_sausage_s3_kao.txt,0,42,17,0,m0: Pure Factoring,TIMEOUT,,,0,0,,,
6_blocks_sausage_s3_kao.txt,0,42,18,5,m5: Block + Conv + Modified Cancela-Petingi,OK,0.927278734799410,0.123937,12862,8,0.104934,0.196213,
6_blocks_sausage_s3_kao.txt,0,42,18,4,m4: Cancela-Petingi (Nesterov),TIMEOUT,,,0,0,,,
6_blocks_sausage_s3_kao.txt,0,42,18,3,m3: Block + Conv + Modified Facto,OK,0.927278734799287,0.077500,71116,8,0.062000,0.080000,
6_blocks_sausage_s3_kao.txt,0,42,18,2,m2: Block + Conv + Simple Facto,OK,0.927278734799238,0.094500,119186,8,0.085000,0.123000,
6_blocks_sausage_s3_kao.txt,0,42,18,1,m1: Block + Pure Facto,OK,0.927278734799238,8.340000,9174172,8,7.331000,8.692000,
6_blocks_sausage_s3_kao.txt,0,42,18,0,m0: Pure Factoring,TIMEOUT,,,0,0,,,
6_blocks_sausage_s3_kao.txt,0,42,19,5,m5: Block + Conv + Modified Cancela-Petingi,OK,0.972495069304002,0.108902,13560,8,0.087002,0.113661,
6_blocks_sausage_s3_kao.txt,0,42,19,4,m4: Cancela-Petingi (Nesterov),TIMEOUT,,,0,0,,,
6_blocks_sausage_s3_kao.txt,0,42,19,3,m3: Block + Conv + Modified Facto,OK,0.972495069303873,0.064000,71116,1,0.064000,0.064000,
6_blocks_sausage_s3_kao.txt,0,42,19,2,m2: Block + Conv + Simple Facto,OK,0.972495069303796,0.174000,189724,1,0.174000,0.174000,
6_blocks_sausage_s3_kao.txt,0,42,19,1,m1: Block + Pure Facto,OK,0.972495069303796,10.609000,12995730,1,10.609000,10.609000,
6_blocks_sausage_s3_kao.txt,0,42,19,0,m0: Pure Factoring,TIMEOUT,,,0,0,,,
6_blocks_sausage_s3_kao.txt,0,42,20,5,m5: Block + Conv + Modified Cancela-Petingi,OK,0.977148599798523,0.095606,12233,1,0.095606,0.095606,
6_blocks_sausage_s3_kao.txt,0,42,20,4,m4: Cancela-Petingi (Nesterov),TIMEOUT,,,0,0,,,
6_blocks_sausage_s3_kao.txt,0,42,20,3,m3: Block + Conv + Modified Facto,OK,0.977148599798394,0.116000,71116,1,0.116000,0.116000,
6_blocks_sausage_s3_kao.txt,0,42,20,2,m2: Block + Conv + Simple Facto,OK,0.977148599798310,0.335000,260756,1,0.335000,0.335000,
6_blocks_sausage_s3_kao.txt,0,42,20,1,m1: Block + Pure Facto,OK,0.977148599798310,24.703000,18317764,1,24.703000,24.703000,
6_blocks_sausage_s3_kao.txt,0,42,20,0,m0: Pure Factoring,TIMEOUT,,,0,0,,,
Geant2004_kao.txt,11,95,6,5,m5: Block + Conv + Modified Cancela-Petingi,OK,0.632414790000000,0.002237,7,1,0.002237,0.002237,
Geant2004_kao.txt,11,95,6,4,m4: Cancela-Petingi (Nesterov),OK,0.632414790000000,0.000067,3,1,0.000067,0.000067,
Geant2004_kao.txt,11,95,6,3,m3: Block + Conv + Modified Facto,OK,0.632414789999997,0.007000,3045,1,0.007000,0.007000,
Geant2004_kao.txt,11,95,6,2,m2: Block + Conv + Simple Facto,OK,0.632414790007725,23.323000,14682400,1,23.323000,23.323000,
Geant2004_kao.txt,11,95,6,1,m1: Block + Pure Facto,OK,0.632414790007725,76.235000,51641642,1,76.235000,76.235000,
Geant2004_kao.txt,11,95,6,0,m0: Pure Factoring,TIMEOUT,,,0,0,,,
Geant2004_kao.txt,11,95,7,5,m5: Block + Conv + Modified Cancela-Petingi,OK,0.699064984718100,0.000903,62,1,0.000903,0.000903,
Geant2004_kao.txt,11,95,7,4,m4: Cancela-Petingi (Nesterov),OK,0.699064984718100,0.000202,14,1,0.000202,0.000202,
Geant2004_kao.txt,11,95,7,3,m3: Block + Conv + Modified Facto,OK,0.699064984718097,0.010000,3371,1,0.010000,0.010000,
Geant2004_kao.txt,11,95,7,2,m2: Block + Conv + Simple Facto,OK,0.699064984731161,52.101000,36934258,1,52.101000,52.101000,
Geant2004_kao.txt,11,95,7,1,m1: Block + Pure Facto,OK,0.699064984731161,163.685000,111371166,1,163.685000,163.685000,
Geant2004_kao.txt,11,95,7,0,m0: Pure Factoring,TIMEOUT,,,0,0,,,
Geant2004_kao.txt,11,95,8,5,m5: Block + Conv + Modified Cancela-Petingi,OK,0.765180873969210,0.003061,377,1,0.003061,0.003061,
Geant2004_kao.txt,11,95,8,4,m4: Cancela-Petingi (Nesterov),OK,0.765180873969210,0.000448,42,1,0.000448,0.000448,
Geant2004_kao.txt,11,95,8,3,m3: Block + Conv + Modified Facto,OK,0.765180873969207,0.037000,5083,1,0.037000,0.037000,
Geant2004_kao.txt,11,95,8,2,m2: Block + Conv + Simple Facto,OK,0.765180873983931,73.758000,59727108,1,73.758000,73.758000,
Geant2004_kao.txt,11,95,8,1,m1: Block + Pure Facto,OK,0.765180873983931,269.666000,194579184,1,269.666000,269.666000,
Geant2004_kao.txt,11,95,8,0,m0: Pure Factoring,TIMEOUT,,,0,0,,,
Geant2004_kao.txt,11,95,9,5,m5: Block + Conv + Modified Cancela-Petingi,OK,0.776652881984733,0.002974,275,1,0.002974,0.002974,
Geant2004_kao.txt,11,95,9,4,m4: Cancela-Petingi (Nesterov),OK,0.776652881984733,0.002050,77,1,0.002050,0.002050,
Geant2004_kao.txt,11,95,9,3,m3: Block + Conv + Modified Facto,OK,0.776652881984730,0.322000,34308,1,0.322000,0.322000,
Geant2004_kao.txt,11,95,9,2,m2: Block + Conv + Simple Facto,OK,0.776652882000732,116.525000,83208086,1,116.525000,116.525000,
Geant2004_kao.txt,11,95,9,1,m1: Block + Pure Facto,TIMEOUT,,,0,0,,,
Geant2004_kao.txt,11,95,9,0,m0: Pure Factoring,TIMEOUT,,,0,0,,,
IEEE-118-node_kao.txt,86,111,9,5,m5: Block + Conv + Modified Cancela-Petingi,OK,0.387420489000000,0.001530,5,1,0.001530,0.001530,
IEEE-118-node_kao.txt,86,111,9,4,m4: Cancela-Petingi (Nesterov),OK,0.387420489000000,0.000035,1,1,0.000035,0.000035,
IEEE-118-node_kao.txt,86,111,9,3,m3: Block + Conv + Modified Facto,OK,0.387420488999992,10.909000,700895,1,10.909000,10.909000,
IEEE-118-node_kao.txt,86,111,9,2,m2: Block + Conv + Simple Facto,TIMEOUT,,,0,0,,,
IEEE-118-node_kao.txt,86,111,9,1,m1: Block + Pure Facto,TIMEOUT,,,0,0,,,
IEEE-118-node_kao.txt,86,111,9,0,m0: Pure Factoring,TIMEOUT,,,0,0,,,
IEEE-118-node_kao.txt,86,111,10,5,m5: Block + Conv + Modified Cancela-Petingi,OK,0.422288333010000,0.000365,8,1,0.000365,0.000365,
IEEE-118-node_kao.txt,86,111,10,4,m4: Cancela-Petingi (Nesterov),OK,0.422288333010000,0.000078,3,1,0.000078,0.000078,
IEEE-118-node_kao.txt,86,111,10,3,m3: Block + Conv + Modified Facto,OK,0.422288333009992,82.454000,2866724,1,82.454000,82.454000,
IEEE-118-node_kao.txt,86,111,10,2,m2: Block + Conv + Simple Facto,TIMEOUT,,,0,0,,,
IEEE-118-node_kao.txt,86,111,10,1,m1: Block + Pure Facto,TIMEOUT,,,0,0,,,
IEEE-118-node_kao.txt,86,111,10,0,m0: Pure Factoring,TIMEOUT,,,0,0,,,
IEEE-118-node_kao.txt,86,111,11,5,m5: Block + Conv + Modified Cancela-Petingi,OK,0.594261307356905,0.018300,1577,1,0.018300,0.018300,
IEEE-118-node_kao.txt,86,111,11,4,m4: Cancela-Petingi (Nesterov),OK,0.594261307356905,0.002576,66,1,0.002576,0.002576,
IEEE-118-node_kao.txt,86,111,11,3,m3: Block + Conv + Modified Facto,OK,0.594261307356893,1769.991000,45411593,1,1769.991000,1769.991000,
IEEE-118-node_kao.txt,86,111,11,2,m2: Block + Conv + Simple Facto,TIMEOUT,,,0,0,,,
IEEE-118-node_kao.txt,86,111,11,1,m1: Block + Pure Facto,TIMEOUT,,,0,0,,,
IEEE-118-node_kao.txt,86,111,11,0,m0: Pure Factoring,TIMEOUT,,,0,0,,,
IEEE-118-node_kao.txt,86,111,12,5,m5: Block + Conv + Modified Cancela-Petingi,OK,0.660259359327198,1.532066,84824,1,1.532066,1.532066,
IEEE-118-node_kao.txt,86,111,12,4,m4: Cancela-Petingi (Nesterov),OK,0.660259359327198,0.021559,445,1,0.021559,0.021559,
IEEE-118-node_kao.txt,86,111,12,3,m3: Block + Conv + Modified Facto,TIMEOUT,,,0,0,,,
IEEE-118-node_kao.txt,86,111,12,2,m2: Block + Conv + Simple Facto,TIMEOUT,,,0,0,,,
IEEE-118-node_kao.txt,86,111,12,1,m1: Block + Pure Facto,TIMEOUT,,,0,0,,,
IEEE-118-node_kao.txt,86,111,12,0,m0: Pure Factoring,TIMEOUT,,,0,0,,,
Geant2009_kao.txt,107,264,12,5,m5: Block + Conv + Modified Cancela-Petingi,OK,0.282429536481000,0.000685,5,1,0.000685,0.000685,
Geant2009_kao.txt,107,264,12,4,m4: Cancela-Petingi (Nesterov),OK,0.282429536481000,0.000072,1,1,0.000072,0.000072,
Geant2009_kao.txt,107,264,12,3,m3: Block + Conv + Modified Facto,TIMEOUT,,,0,0,,,
Geant2009_kao.txt,107,264,12,2,m2: Block + Conv + Simple Facto,TIMEOUT,,,0,0,,,
Geant2009_kao.txt,107,264,12,1,m1: Block + Pure Facto,TIMEOUT,,,0,0,,,
Geant2009_kao.txt,107,264,12,0,m0: Pure Factoring,TIMEOUT,,,0,0,,,
Geant2009_kao.txt,107,264,13,5,m5: Block + Conv + Modified Cancela-Petingi,OK,0.363032101897313,0.000976,33,1,0.000976,0.000976,
Geant2009_kao.txt,107,264,13,4,m4: Cancela-Petingi (Nesterov),OK,0.363032101897313,0.000211,8,1,0.000211,0.000211,
Geant2009_kao.txt,107,264,13,3,m3: Block + Conv + Modified Facto,TIMEOUT,,,0,0,,,
Geant2009_kao.txt,107,264,13,2,m2: Block + Conv + Simple Facto,TIMEOUT,,,0,0,,,
Geant2009_kao.txt,107,264,13,1,m1: Block + Pure Facto,TIMEOUT,,,0,0,,,
Geant2009_kao.txt,107,264,13,0,m0: Pure Factoring,TIMEOUT,,,0,0,,,
Geant2009_kao.txt,107,264,14,5,m5: Block + Conv + Modified Cancela-Petingi,OK,0.526329872068561,0.027852,2609,1,0.027852,0.027852,
Geant2009_kao.txt,107,264,14,4,m4: Cancela-Petingi (Nesterov),OK,0.526329872068561,0.002067,36,1,0.002067,0.002067,
Geant2009_kao.txt,107,264,14,3,m3: Block + Conv + Modified Facto,TIMEOUT,,,0,0,,,
Geant2009_kao.txt,107,264,14,2,m2: Block + Conv + Simple Facto,TIMEOUT,,,0,0,,,
Geant2009_kao.txt,107,264,14,1,m1: Block + Pure Facto,TIMEOUT,,,0,0,,,
Geant2009_kao.txt,107,264,14,0,m0: Pure Factoring,TIMEOUT,,,0,0,,,
Geant2009_kao.txt,107,264,15,5,m5: Block + Conv + Modified Cancela-Petingi,OK,0.567518331299403,0.080878,3068,1,0.080878,0.080878,
Geant2009_kao.txt,107,264,15,4,m4: Cancela-Petingi (Nesterov),OK,0.567518331299404,0.004701,168,1,0.004701,0.004701,
Geant2009_kao.txt,107,264,15,3,m3: Block + Conv + Modified Facto,TIMEOUT,,,0,0,,,
Geant2009_kao.txt,107,264,15,2,m2: Block + Conv + Simple Facto,TIMEOUT,,,0,0,,,
Geant2009_kao.txt,107,264,15,1,m1: Block + Pure Facto,TIMEOUT,,,0,0,,,
Geant2009_kao.txt,107,264,15,0,m0: Pure Factoring,TIMEOUT,,,0,0,,,
UPS_of_Russia_composed_with_colored_cut_vertices_kao.txt,4,62,17,5,m5: Block + Conv + Modified Cancela-Petingi,OK,0.204478924819612,0.000972,17,1,0.000972,0.000972,
UPS_of_Russia_composed_with_colored_cut_vertices_kao.txt,4,62,17,4,m4: Cancela-Petingi (Nesterov),OK,0.204478924819612,0.284082,4,1,0.284082,0.284082,
UPS_of_Russia_composed_with_colored_cut_vertices_kao.txt,4,62,17,3,m3: Block + Conv + Modified Facto,TIMEOUT,,,0,0,,,
UPS_of_Russia_composed_with_colored_cut_vertices_kao.txt,4,62,17,2,m2: Block + Conv + Simple Facto,TIMEOUT,,,0,0,,,
UPS_of_Russia_composed_with_colored_cut_vertices_kao.txt,4,62,17,1,m1: Block + Pure Facto,TIMEOUT,,,0,0,,,
UPS_of_Russia_composed_with_colored_cut_vertices_kao.txt,4,62,17,0,m0: Pure Factoring,TIMEOUT,,,0,0,,,
UPS_of_Russia_composed_with_colored_cut_vertices_kao.txt,4,62,18,5,m5: Block + Conv + Modified Cancela-Petingi,TIMEOUT,,,0,0,,,
UPS_of_Russia_composed_with_colored_cut_vertices_kao.txt,4,62,18,4,m4: Cancela-Petingi (Nesterov),OK,0.358658867701860,0.626181,645,1,0.626181,0.626181,
UPS_of_Russia_composed_with_colored_cut_vertices_kao.txt,4,62,18,3,m3: Block + Conv + Modified Facto,ERROR,,374.976655,0,0,,,std::bad_alloc
UPS_of_Russia_composed_with_colored_cut_vertices_kao.txt,4,62,18,2,m2: Block + Conv + Simple Facto,TIMEOUT,,,0,0,,,
UPS_of_Russia_composed_with_colored_cut_vertices_kao.txt,4,62,18,1,m1: Block + Pure Facto,TIMEOUT,,,0,0,,,
UPS_of_Russia_composed_with_colored_cut_vertices_kao.txt,4,62,18,0,m0: Pure Factoring,TIMEOUT,,,0,0,,,
UPS_of_Russia_composed_with_colored_cut_vertices_kao.txt,4,62,19,5,m5: Block + Conv + Modified Cancela-Petingi,TIMEOUT,,,0,0,,,
UPS_of_Russia_composed_with_colored_cut_vertices_kao.txt,4,62,19,4,m4: Cancela-Petingi (Nesterov),OK,0.407098601154628,33.606318,98640,1,33.606318,33.606318,
UPS_of_Russia_composed_with_colored_cut_vertices_kao.txt,4,62,19,3,m3: Block + Conv + Modified Facto,ERROR,,1466.457789,0,0,,,std::bad_alloc
UPS_of_Russia_composed_with_colored_cut_vertices_kao.txt,4,62,19,2,m2: Block + Conv + Simple Facto,TIMEOUT,,,0,0,,,
UPS_of_Russia_composed_with_colored_cut_vertices_kao.txt,4,62,19,1,m1: Block + Pure Facto,TIMEOUT,,,0,0,,,
UPS_of_Russia_composed_with_colored_cut_vertices_kao.txt,4,62,19,0,m0: Pure Factoring,TIMEOUT,,,0,0,,,
UPS_of_Russia_composed_with_colored_cut_vertices_kao.txt,4,62,20,5,m5: Block + Conv + Modified Cancela-Petingi,TIMEOUT,,,0,0,,,
UPS_of_Russia_composed_with_colored_cut_vertices_kao.txt,4,62,20,4,m4: Cancela-Petingi (Nesterov),TIMEOUT,,,0,0,,,
UPS_of_Russia_composed_with_colored_cut_vertices_kao.txt,4,62,20,3,m3: Block + Conv + Modified Facto,TIMEOUT,,,0,0,,,
UPS_of_Russia_composed_with_colored_cut_vertices_kao.txt,4,62,20,2,m2: Block + Conv + Simple Facto,TIMEOUT,,,0,0,,,
UPS_of_Russia_composed_with_colored_cut_vertices_kao.txt,4,62,20,1,m1: Block + Pure Facto,TIMEOUT,,,0,0,,,
UPS_of_Russia_composed_with_colored_cut_vertices_kao.txt,4,62,20,0,m0: Pure Factoring,TIMEOUT,,,0,0,,,
