Graph,S,T,D,MethodId,Method,Status,Reliability,TimeSec,Recursions,CompletedRuns,MinTimeSec,MaxTimeSec,TimeoutBudgetSec,Error
2_blocks_sausage_s3_kao.txt,0,14,5,5,m5: Block + Conv + Modified Cancela-Petingi,OK,0.793878966090000,0.000082,8,8,0.000064,0.000115,1800,
2_blocks_sausage_s3_kao.txt,0,14,5,4,m4: Cancela-Petingi (Nesterov),OK,0.793878966090000,0.000034,4,8,0.000023,0.000091,1800,
2_blocks_sausage_s3_kao.txt,0,14,5,3,m3: Block + Conv + Modified Facto,OK,0.793878966089966,0.023000,23048,8,0.022000,0.025000,1800,
2_blocks_sausage_s3_kao.txt,0,14,5,2,m2: Block + Conv + Simple Facto,OK,0.793878966089966,0.011500,14224,8,0.011000,0.012000,1800,
2_blocks_sausage_s3_kao.txt,0,14,5,1,m1: Block + Pure Facto,OK,0.793878966089966,0.049000,59438,8,0.047000,0.055000,300,
2_blocks_sausage_s3_kao.txt,0,14,5,0,m0: Pure Factoring,OK,0.793878966109304,20.963137,20709393,8,20.361927,21.507452,300,
2_blocks_sausage_s3_kao.txt,0,14,6,5,m5: Block + Conv + Modified Cancela-Petingi,OK,0.955550868472287,0.012563,2586,8,0.012348,0.018337,1800,
2_blocks_sausage_s3_kao.txt,0,14,6,4,m4: Cancela-Petingi (Nesterov),OK,0.955550868472287,0.002097,200,8,0.001907,0.002763,1800,
2_blocks_sausage_s3_kao.txt,0,14,6,3,m3: Block + Conv + Modified Facto,OK,0.955550868472250,0.024500,23112,8,0.022000,0.030000,1800,
2_blocks_sausage_s3_kao.txt,0,14,6,2,m2: Block + Conv + Simple Facto,OK,0.955550868472231,0.030000,32498,8,0.028000,0.042000,1800,
2_blocks_sausage_s3_kao.txt,0,14,6,1,m1: Block + Pure Facto,OK,0.955550868472231,0.089000,90112,8,0.080000,0.103000,300,
2_blocks_sausage_s3_kao.txt,0,14,6,0,m0: Pure Factoring,OK,0.955550868509962,35.084822,35328313,8,34.887326,35.475467,300,
2_blocks_sausage_s3_kao.txt,0,14,7,5,m5: Block + Conv + Modified Cancela-Petingi,OK,0.990572690204730,0.028297,4524,8,0.024801,0.036067,1800,
2_blocks_sausage_s3_kao.txt,0,14,7,4,m4: Cancela-Petingi (Nesterov),OK,0.990572690204730,0.029107,1245,8,0.025115,0.036101,1800,
2_blocks_sausage_s3_kao.txt,0,14,7,3,m3: Block + Conv + Modified Facto,OK,0.990572690204692,0.024000,23124,8,0.022000,0.026000,1800,
2_blocks_sausage_s3_kao.txt,0,14,7,2,m2: Block + Conv + Simple Facto,OK,0.990572690204660,0.049000,55160,8,0.047000,0.056000,1800,
2_blocks_sausage_s3_kao.txt,0,14,7,1,m1: Block + Pure Facto,OK,0.990572690204660,0.106500,124794,8,0.104000,0.129000,300,
2_blocks_sausage_s3_kao.txt,0,14,7,0,m0: Pure Factoring,OK,0.990572690257652,46.926491,47462997,8,44.372178,49.189239,300,
2_blocks_sausage_s3_kao.txt,0,14,8,5,m5: Block + Conv + Modified Cancela-Petingi,OK,0.992421864260888,0.029031,4525,8,0.028179,0.032029,1800,
2_blocks_sausage_s3_kao.txt,0,14,8,4,m4: Cancela-Petingi (Nesterov),OK,0.992421864260888,0.487806,15341,8,0.452456,0.529919,1800,
2_blocks_sausage_s3_kao.txt,0,14,8,3,m3: Block + Conv + Modified Facto,OK,0.992421864260851,0.025500,23124,8,0.017000,0.030000,1800,
2_blocks_sausage_s3_kao.txt,0,14,8,2,m2: Block + Conv + Simple Facto,OK,0.992421864260815,0.066500,78228,8,0.063000,0.082000,1800,
2_blocks_sausage_s3_kao.txt,0,14,8,1,m1: Block + Pure Facto,OK,0.992421864260815,0.139500,159864,8,0.129000,0.146000,300,
2_blocks_sausage_s3_kao.txt,0,14,8,0,m0: Pure Factoring,OK,0.992421864321443,48.431857,51471843,8,45.683665,50.234007,300,
3_blocks_sausage_3x3_kao.txt,0,28,10,5,m5: Block + Conv + Modified Cancela-Petingi,OK,0.509826181948169,0.000130,9,8,0.000114,0.000309,1800,
3_blocks_sausage_3x3_kao.txt,0,28,10,4,m4: Cancela-Petingi (Nesterov),OK,0.509826181948169,0.000102,4,8,0.000071,0.000176,1800,
3_blocks_sausage_3x3_kao.txt,0,28,10,3,m3: Block + Conv + Modified Facto,OK,0.509826181948161,0.599000,101496,8,0.580000,0.743000,1800,
3_blocks_sausage_3x3_kao.txt,0,28,10,2,m2: Block + Conv + Simple Facto,OK,0.509826181948818,0.175000,214147,8,0.170000,0.187000,1800,
3_blocks_sausage_3x3_kao.txt,0,28,10,1,m1: Block + Pure Facto,OK,0.509826181948818,3.757500,4294110,8,3.684000,3.853000,300,
3_blocks_sausage_3x3_kao.txt,0,28,10,0,m0: Pure Factoring,TIMEOUT,,,0,0,,,300,
3_blocks_sausage_3x3_kao.txt,0,28,11,5,m5: Block + Conv + Modified Cancela-Petingi,OK,0.819793714073742,0.491145,52817,8,0.433123,0.568677,1800,
3_blocks_sausage_3x3_kao.txt,0,28,11,4,m4: Cancela-Petingi (Nesterov),OK,0.819793714073742,0.012996,436,8,0.010767,0.014337,1800,
3_blocks_sausage_3x3_kao.txt,0,28,11,3,m3: Block + Conv + Modified Facto,OK,0.819793714073727,0.877000,101496,8,0.812000,1.000000,1800,
3_blocks_sausage_3x3_kao.txt,0,28,11,2,m2: Block + Conv + Simple Facto,OK,0.819793714075253,0.668000,524448,8,0.624000,0.762000,1800,
3_blocks_sausage_3x3_kao.txt,0,28,11,1,m1: Block + Pure Facto,OK,0.819793714075253,8.531500,6722430,8,7.661000,9.914000,300,
3_blocks_sausage_3x3_kao.txt,0,28,11,0,m0: Pure Factoring,TIMEOUT,,,0,0,,,300,
3_blocks_sausage_3x3_kao.txt,0,28,12,5,m5: Block + Conv + Modified Cancela-Petingi,OK,0.934403607310576,0.836681,54762,8,0.677284,0.860540,1800,
3_blocks_sausage_3x3_kao.txt,0,28,12,4,m4: Cancela-Petingi (Nesterov),OK,0.934403607310576,1.150056,15221,8,1.003424,1.312944,1800,
3_blocks_sausage_3x3_kao.txt,0,28,12,3,m3: Block + Conv + Modified Facto,OK,0.934403607310560,0.918000,101496,8,0.802000,1.056000,1800,
3_blocks_sausage_3x3_kao.txt,0,28,12,2,m2: Block + Conv + Simple Facto,OK,0.934403607312682,1.129500,881093,8,0.935000,1.260000,1800,
3_blocks_sausage_3x3_kao.txt,0,28,12,1,m1: Block + Pure Facto,OK,0.934403607312682,13.566500,9759970,8,10.888000,16.636000,300,
3_blocks_sausage_3x3_kao.txt,0,28,12,0,m0: Pure Factoring,TIMEOUT,,,0,0,,,300,
3_blocks_sausage_3x3_kao.txt,0,28,13,5,m5: Block + Conv + Modified Cancela-Petingi,OK,0.959339550846875,0.725763,42156,8,0.683024,0.838123,1800,
3_blocks_sausage_3x3_kao.txt,0,28,13,4,m4: Cancela-Petingi (Nesterov),OK,0.959339550846875,110.309461,458307,8,107.023302,118.397407,1800,
3_blocks_sausage_3x3_kao.txt,0,28,13,3,m3: Block + Conv + Modified Facto,OK,0.959339550846859,0.971500,101496,8,0.813000,1.086000,1800,
3_blocks_sausage_3x3_kao.txt,0,28,13,2,m2: Block + Conv + Simple Facto,OK,0.959339550849244,1.538500,1241100,8,1.413000,1.845000,1800,
3_blocks_sausage_3x3_kao.txt,0,28,13,1,m1: Block + Pure Facto,OK,0.959339550849244,17.824000,13406934,8,15.584000,21.738000,300,
3_blocks_sausage_3x3_kao.txt,0,28,13,0,m0: Pure Factoring,TIMEOUT,,,0,0,,,300,
4_blocks_sausage_3x3_kao.txt,0,38,14,5,m5: Block + Conv + Modified Cancela-Petingi,OK,0.489090483797539,0.000231,16,8,0.000155,0.000275,1800,
4_blocks_sausage_3x3_kao.txt,0,38,14,4,m4: Cancela-Petingi (Nesterov),OK,0.489090483797539,0.001306,29,8,0.000871,0.001492,1800,
4_blocks_sausage_3x3_kao.txt,0,38,14,3,m3: Block + Conv + Modified Facto,OK,0.489090483797531,1.896500,131580,8,1.797000,2.003000,1800,
4_blocks_sausage_3x3_kao.txt,0,38,14,2,m2: Block + Conv + Simple Facto,OK,0.489090483798791,0.597000,395498,8,0.499000,0.643000,1800,
4_blocks_sausage_3x3_kao.txt,0,38,14,1,m1: Block + Pure Facto,OK,0.489090483798791,29.669000,23866644,8,28.723000,31.227000,300,
4_blocks_sausage_3x3_kao.txt,0,38,14,0,m0: Pure Factoring,TIMEOUT,,,0,0,,,300,
4_blocks_sausage_3x3_kao.txt,0,38,15,5,m5: Block + Conv + Modified Cancela-Petingi,OK,0.803143004288667,1.181038,105482,8,1.109361,1.343308,1800,
4_blocks_sausage_3x3_kao.txt,0,38,15,4,m4: Cancela-Petingi (Nesterov),OK,0.803143004288667,0.995847,14906,8,0.888293,1.042956,1800,
4_blocks_sausage_3x3_kao.txt,0,38,15,3,m3: Block + Conv + Modified Facto,OK,0.803143004288652,1.984000,131580,8,1.773000,2.048000,1800,
4_blocks_sausage_3x3_kao.txt,0,38,15,2,m2: Block + Conv + Simple Facto,OK,0.803143004291625,1.360000,963902,8,1.215000,1.581000,1800,
4_blocks_sausage_3x3_kao.txt,0,38,15,1,m1: Block + Pure Facto,OK,0.803143004291625,49.359500,34031164,8,46.739000,51.007000,300,
4_blocks_sausage_3x3_kao.txt,0,38,15,0,m0: Pure Factoring,TIMEOUT,,,0,0,,,300,
4_blocks_sausage_3x3_kao.txt,0,38,16,5,m5: Block + Conv + Modified Cancela-Petingi,OK,0.924565335478164,1.829452,102237,8,1.684753,1.910533,1800,
4_blocks_sausage_3x3_kao.txt,0,38,16,4,m4: Cancela-Petingi (Nesterov),OK,0.924565335478164,334.999150,858570,8,331.849331,346.338747,1800,
4_blocks_sausage_3x3_kao.txt,0,38,16,3,m3: Block + Conv + Modified Facto,OK,0.924565335478149,2.341500,131580,8,2.205000,2.431000,1800,
4_blocks_sausage_3x3_kao.txt,0,38,16,2,m2: Block + Conv + Simple Facto,OK,0.924565335482338,3.278500,1606956,8,2.966000,3.352000,1800,
4_blocks_sausage_3x3_kao.txt,0,38,16,1,m1: Block + Pure Facto,OK,0.924565335482338,94.277000,47185366,8,90.563000,98.424000,300,
4_blocks_sausage_3x3_kao.txt,0,38,16,0,m0: Pure Factoring,TIMEOUT,,,0,0,,,300,
4_blocks_sausage_3x3_kao.txt,0,38,17,5,m5: Block + Conv + Modified Cancela-Petingi,OK,0.953107508635242,1.987566,77756,8,1.834190,2.054048,1800,
4_blocks_sausage_3x3_kao.txt,0,38,17,4,m4: Cancela-Petingi (Nesterov),TIMEOUT,,,0,0,,,1800,
4_blocks_sausage_3x3_kao.txt,0,38,17,3,m3: Block + Conv + Modified Facto,OK,0.953107508635227,2.988500,131580,8,2.413000,3.444000,1800,
4_blocks_sausage_3x3_kao.txt,0,38,17,2,m2: Block + Conv + Simple Facto,OK,0.953107508639971,4.076000,2256122,8,3.749000,5.051000,1800,
4_blocks_sausage_3x3_kao.txt,0,38,17,1,m1: Block + Pure Facto,OK,0.953107508639971,121.825500,63907616,8,117.483000,134.260000,300,
4_blocks_sausage_3x3_kao.txt,0,38,17,0,m0: Pure Factoring,TIMEOUT,,,0,0,,,300,
4_blocks_sausage_s3_kao.txt,0,28,11,5,m5: Block + Conv + Modified Cancela-Petingi,OK,0.762593059732335,0.000290,22,8,0.000263,0.000308,1800,
4_blocks_sausage_s3_kao.txt,0,28,11,4,m4: Cancela-Petingi (Nesterov),OK,0.762593059732335,0.008671,204,8,0.003887,0.034008,1800,
4_blocks_sausage_s3_kao.txt,0,28,11,3,m3: Block + Conv + Modified Facto,OK,0.762593059732265,0.148000,47120,8,0.136000,0.177000,1800,
4_blocks_sausage_s3_kao.txt,0,28,11,2,m2: Block + Conv + Simple Facto,OK,0.762593059732265,0.099000,34446,8,0.070000,0.104000,1800,
4_blocks_sausage_s3_kao.txt,0,28,11,1,m1: Block + Pure Facto,OK,0.762593059732265,1.762000,749602,8,1.472000,2.506000,300,
4_blocks_sausage_s3_kao.txt,0,28,11,0,m0: Pure Factoring,TIMEOUT,,,0,0,,,300,
4_blocks_sausage_s3_kao.txt,0,28,12,5,m5: Block + Conv + Modified Cancela-Petingi,OK,0.941607316459213,0.140959,7724,8,0.096173,0.165734,1800,
4_blocks_sausage_s3_kao.txt,0,28,12,4,m4: Cancela-Petingi (Nesterov),OK,0.941607316459213,10.358965,70664,8,8.794337,16.783697,1800,
4_blocks_sausage_s3_kao.txt,0,28,12,3,m3: Block + Conv + Modified Facto,OK,0.941607316459132,0.154000,47120,8,0.116000,0.213000,1800,
4_blocks_sausage_s3_kao.txt,0,28,12,2,m2: Block + Conv + Simple Facto,OK,0.941607316459098,0.229000,75842,8,0.186000,0.263000,1800,
4_blocks_sausage_s3_kao.txt,0,28,12,1,m1: Block + Pure Facto,OK,0.941607316459098,2.836000,1084526,8,2.563000,4.084000,300,
4_blocks_sausage_s3_kao.txt,0,28,12,0,m0: Pure Factoring,TIMEOUT,,,0,0,,,300,
4_blocks_sausage_s3_kao.txt,0,28,13,5,m5: Block + Conv + Modified Cancela-Petingi,OK,0.981595123021451,0.195456,9042,8,0.150436,0.292589,1800,
4_blocks_sausage_s3_kao.txt,0,28,13,4,m4: Cancela-Petingi (Nesterov),OK,0.981595123021451,1030.324701,1068982,8,767.229406,1413.479426,1800,
4_blocks_sausage_s3_kao.txt,0,28,13,3,m3: Block + Conv + Modified Facto,OK,0.981595123021368,0.189000,47120,8,0.129000,0.246000,1800,
4_blocks_sausage_s3_kao.txt,0,28,13,2,m2: Block + Conv + Simple Facto,OK,0.981595123021313,0.365500,122442,8,0.288000,0.518000,1800,
4_blocks_sausage_s3_kao.txt,0,28,13,1,m1: Block + Pure Facto,OK,0.981595123021313,4.867000,1544696,8,3.126000,5.927000,300,
4_blocks_sausage_s3_kao.txt,0,28,13,0,m0: Pure Factoring,TIMEOUT,,,0,0,,,300,
4_blocks_sausage_s3_kao.txt,0,28,14,5,m5: Block + Conv + Modified Cancela-Petingi,OK,0.984783240063002,0.249132,8379,8,0.152548,0.337533,1800,
4_blocks_sausage_s3_kao.txt,0,28,14,4,m4: Cancela-Petingi (Nesterov),TIMEOUT,,,0,0,,,1800,
4_blocks_sausage_s3_kao.txt,0,28,14,3,m3: Block + Conv + Modified Facto,OK,0.984783240062918,0.228500,47120,8,0.133000,0.312000,1800,
4_blocks_sausage_s3_kao.txt,0,28,14,2,m2: Block + Conv + Simple Facto,OK,0.984783240062858,0.612000,169492,8,0.377000,0.804000,1800,
4_blocks_sausage_s3_kao.txt,0,28,14,1,m1: Block + Pure Facto,OK,0.984783240062858,7.796000,2144524,8,4.939000,9.785000,300,
4_blocks_sausage_s3_kao.txt,0,28,14,0,m0: Pure Factoring,TIMEOUT,,,0,0,,,300,
5_blocks_sausage_3x3_kao.txt,0,48,18,5,m5: Block + Conv + Modified Cancela-Petingi,OK,0.469198149901272,0.000387,23,8,0.000345,0.000641,1800,
5_blocks_sausage_3x3_kao.txt,0,48,18,4,m4: Cancela-Petingi (Nesterov),OK,0.469198149901272,0.053421,204,8,0.021510,0.083649,1800,
5_blocks_sausage_3x3_kao.txt,0,48,18,3,m3: Block + Conv + Modified Facto,OK,0.469198149901265,7.283500,161664,8,4.588000,10.062000,1800,
5_blocks_sausage_3x3_kao.txt,0,48,18,2,m2: Block + Conv + Simple Facto,OK,0.469198149903078,2.043000,576849,8,1.332000,2.949000,1800,
5_blocks_sausage_3x3_kao.txt,0,48,18,1,m1: Block + Pure Facto,OK,0.469198149903078,231.558500,94643144,4,209.057000,249.114000,300,
5_blocks_sausage_3x3_kao.txt,0,48,18,0,m0: Pure Factoring,TIMEOUT,,,0,0,,,300,
5_blocks_sausage_3x3_kao.txt,0,48,19,5,m5: Block + Conv + Modified Cancela-Petingi,OK,0.786490614460003,4.604724,158147,8,3.377903,6.098129,1800,
5_blocks_sausage_3x3_kao.txt,0,48,19,4,m4: Cancela-Petingi (Nesterov),OK,0.786490614460003,315.546686,563967,8,222.719261,422.315778,1800,
5_blocks_sausage_3x3_kao.txt,0,48,19,3,m3: Block + Conv + Modified Facto,OK,0.786490614459989,7.768500,161664,8,5.476000,10.278000,1800,
5_blocks_sausage_3x3_kao.txt,0,48,19,2,m2: Block + Conv + Simple Facto,OK,0.786490614464331,5.158000,1403356,8,3.925000,7.369000,1800,
5_blocks_sausage_3x3_kao.txt,0,48,19,1,m1: Block + Pure Facto,TIMEOUT,,,0,0,,,300,
5_blocks_sausage_3x3_kao.txt,0,48,19,0,m0: Pure Factoring,TIMEOUT,,,0,0,,,300,
5_blocks_sausage_3x3_kao.txt,0,48,20,5,m5: Block + Conv + Modified Cancela-Petingi,OK,0.914528148192714,6.957686,149712,8,4.595231,8.992682,1800,
5_blocks_sausage_3x3_kao.txt,0,48,20,4,m4: Cancela-Petingi (Nesterov),TIMEOUT,,,0,0,,,1800,
5_blocks_sausage_3x3_kao.txt,0,48,20,3,m3: Block + Conv + Modified Facto,OK,0.914528148192698,8.817000,161664,8,5.556000,11.803000,1800,
5_blocks_sausage_3x3_kao.txt,0,48,20,2,m2: Block + Conv + Simple Facto,OK,0.914528148198885,9.782500,2332819,8,6.471000,13.509000,1800,
5_blocks_sausage_3x3_kao.txt,0,48,20,1,m1: Block + Pure Facto,TIMEOUT,,,0,0,,,300,
5_blocks_sausage_3x3_kao.txt,0,48,20,0,m0: Pure Factoring,TIMEOUT,,,0,0,,,300,
5_blocks_sausage_3x3_kao.txt,0,48,21,5,m5: Block + Conv + Modified Cancela-Petingi,OK,0.946761009183546,7.151918,113356,8,5.069982,8.698477,1800,
5_blocks_sausage_3x3_kao.txt,0,48,21,4,m4: Cancela-Petingi (Nesterov),TIMEOUT,,,0,0,,,1800,
5_blocks_sausage_3x3_kao.txt,0,48,21,3,m3: Block + Conv + Modified Facto,OK,0.946761009183531,10.329000,161664,8,6.406000,16.340000,1800,
5_blocks_sausage_3x3_kao.txt,0,48,21,2,m2: Block + Conv + Simple Facto,OK,0.946761009190585,16.126500,3271144,8,11.306000,25.252000,1800,
5_blocks_sausage_3x3_kao.txt,0,48,21,1,m1: Block + Pure Facto,TIMEOUT,,,0,0,,,300,
5_blocks_sausage_3x3_kao.txt,0,48,21,0,m0: Pure Factoring,TIMEOUT,,,0,0,,,300,
6_blocks_sausage_3x3_kao.txt,0,58,22,5,m5: Block + Conv + Modified Cancela-Petingi,OK,0.450114878869546,0.000507,30,8,0.000442,0.003097,1800,
6_blocks_sausage_3x3_kao.txt,0,58,22,4,m4: Cancela-Petingi (Nesterov),OK,0.450114878869546,1.232077,1429,8,0.610083,1.744797,1800,
6_blocks_sausage_3x3_kao.txt,0,58,22,3,m3: Block + Conv + Modified Facto,OK,0.450114878869538,15.189500,191748,8,8.115000,22.106000,1800,
6_blocks_sausage_3x3_kao.txt,0,58,22,2,m2: Block + Conv + Simple Facto,OK,0.450114878871858,4.144500,758200,8,2.430000,6.269000,1800,
6_blocks_sausage_3x3_kao.txt,0,58,22,1,m1: Block + Pure Facto,TIMEOUT,,,0,0,,,300,
6_blocks_sausage_3x3_kao.txt,0,58,22,0,m0: Pure Factoring,TIMEOUT,,,0,0,,,300,
6_blocks_sausage_3x3_kao.txt,0,58,23,5,m5: Block + Conv + Modified Cancela-Petingi,OK,0.769864225173205,9.309883,210812,8,5.108737,12.968145,1800,
6_blocks_sausage_3x3_kao.txt,0,58,23,4,m4: Cancela-Petingi (Nesterov),TIMEOUT,,,0,0,,,1800,
6_blocks_sausage_3x3_kao.txt,0,58,23,3,m3: Block + Conv + Modified Facto,OK,0.769864225173192,16.326000,191748,8,13.254000,24.885000,1800,
6_blocks_sausage_3x3_kao.txt,0,58,23,2,m2: Block + Conv + Simple Facto,OK,0.769864225178824,9.883000,1842810,8,7.818000,15.849000,1800,
6_blocks_sausage_3x3_kao.txt,0,58,23,1,m1: Block + Pure Facto,TIMEOUT,,,0,0,,,300,
6_blocks_sausage_3x3_kao.txt,0,58,23,0,m0: Pure Factoring,TIMEOUT,,,0,0,,,300,
6_blocks_sausage_3x3_kao.txt,0,58,24,5,m5: Block + Conv + Modified Cancela-Petingi,OK,0.904302273156404,13.897121,197187,8,10.637146,20.078809,1800,
6_blocks_sausage_3x3_kao.txt,0,58,24,4,m4: Cancela-Petingi (Nesterov),TIMEOUT,,,0,0,,,1800,
6_blocks_sausage_3x3_kao.txt,0,58,24,3,m3: Block + Conv + Modified Facto,OK,0.904302273156389,2.362500,191748,8,2.159000,2.409000,1800,
6_blocks_sausage_3x3_kao.txt,0,58,24,2,m2: Block + Conv + Simple Facto,OK,0.904302273164503,2.684500,3058682,8,2.538000,2.795000,1800,
6_blocks_sausage_3x3_kao.txt,0,58,24,1,m1: Block + Pure Facto,TIMEOUT,,,0,0,,,300,
6_blocks_sausage_3x3_kao.txt,0,58,24,0,m0: Pure Factoring,TIMEOUT,,,0,0,,,300,
6_blocks_sausage_3x3_kao.txt,0,58,25,5,m5: Block + Conv + Modified Cancela-Petingi,OK,0.940298293689224,1.963000,148956,8,1.900729,2.063547,1800,
6_blocks_sausage_3x3_kao.txt,0,58,25,4,m4: Cancela-Petingi (Nesterov),TIMEOUT,,,0,0,,,1800,
6_blocks_sausage_3x3_kao.txt,0,58,25,3,m3: Block + Conv + Modified Facto,OK,0.940298293689209,2.501500,191748,8,2.380000,2.673000,1800,
6_blocks_sausage_3x3_kao.txt,0,58,25,2,m2: Block + Conv + Simple Facto,OK,0.940298293698523,4.096500,4286166,8,3.761000,4.840000,1800,
6_blocks_sausage_3x3_kao.txt,0,58,25,1,m1: Block + Pure Facto,TIMEOUT,,,0,0,,,300,
6_blocks_sausage_3x3_kao.txt,0,58,25,0,m0: Pure Factoring,TIMEOUT,,,0,0,,,300,
6_blocks_sausage_s3_kao.txt,0,42,17,5,m5: Block + Conv + Modified Cancela-Petingi,OK,0.732540096906907,0.000241,36,8,0.000220,0.009744,1800,
6_blocks_sausage_s3_kao.txt,0,42,17,4,m4: Cancela-Petingi (Nesterov),OK,0.732540096906907,0.442687,10004,8,0.401365,0.512341,1800,
6_blocks_sausage_s3_kao.txt,0,42,17,3,m3: Block + Conv + Modified Facto,OK,0.732540096906806,0.095500,71116,8,0.080000,0.117000,1800,
6_blocks_sausage_s3_kao.txt,0,42,17,2,m2: Block + Conv + Simple Facto,OK,0.732540096906806,0.069500,54668,8,0.057000,0.084000,1800,
6_blocks_sausage_s3_kao.txt,0,42,17,1,m1: Block + Pure Facto,OK,0.732540096906806,7.326500,6458390,8,6.686000,7.585000,300,
6_blocks_sausage_s3_kao.txt,0,42,17,0,m0: Pure Factoring,TIMEOUT,,,0,0,,,300,
6_blocks_sausage_s3_kao.txt,0,42,18,5,m5: Block + Conv + Modified Cancela-Petingi,OK,0.927278734799410,0.123937,12862,8,0.104934,0.196213,1800,
6_blocks_sausage_s3_kao.txt,0,42,18,4,m4: Cancela-Petingi (Nesterov),TIMEOUT,,,0,0,,,1800,
6_blocks_sausage_s3_kao.txt,0,42,18,3,m3: Block + Conv + Modified Facto,OK,0.927278734799287,0.077500,71116,8,0.062000,0.080000,1800,
6_blocks_sausage_s3_kao.txt,0,42,18,2,m2: Block + Conv + Simple Facto,OK,0.927278734799238,0.094500,119186,8,0.085000,0.123000,1800,
6_blocks_sausage_s3_kao.txt,0,42,18,1,m1: Block + Pure Facto,OK,0.927278734799238,8.340000,9174172,8,7.331000,8.692000,300,
6_blocks_sausage_s3_kao.txt,0,42,18,0,m0: Pure Factoring,TIMEOUT,,,0,0,,,300,
6_blocks_sausage_s3_kao.txt,0,42,19,5,m5: Block + Conv + Modified Cancela-Petingi,OK,0.972495069304002,0.108902,13560,8,0.087002,0.113661,1800,
6_blocks_sausage_s3_kao.txt,0,42,19,4,m4: Cancela-Petingi (Nesterov),TIMEOUT,,,0,0,,,1800,
6_blocks_sausage_s3_kao.txt,0,42,19,0,m0: Pure Factoring,TIMEOUT,,,0,0,,,300,
6_blocks_sausage_s3_kao.txt,0,42,20,4,m4: Cancela-Petingi (Nesterov),TIMEOUT,,,0,0,,,1800,
6_blocks_sausage_s3_kao.txt,0,42,20,0,m0: Pure Factoring,TIMEOUT,,,0,0,,,300,
6_blocks_sausage_s3_kao.txt,0,42,19,3,m3: Block + Conv + Modified Facto,OK,0.972495069303873,0.071000,71116,8,0.063000,0.080000,1800,
6_blocks_sausage_s3_kao.txt,0,42,19,2,m2: Block + Conv + Simple Facto,OK,0.972495069303796,0.146500,189724,8,0.143000,0.162000,1800,
6_blocks_sausage_s3_kao.txt,0,42,19,1,m1: Block + Pure Facto,OK,0.972495069303796,10.893000,12995730,8,10.862000,11.132000,300,
6_blocks_sausage_s3_kao.txt,0,42,20,5,m5: Block + Conv + Modified Cancela-Petingi,OK,0.977148599798523,0.082812,12233,8,0.081924,0.083196,1800,
6_blocks_sausage_s3_kao.txt,0,42,20,3,m3: Block + Conv + Modified Facto,OK,0.977148599798394,0.068500,71116,8,0.063000,0.083000,1800,
6_blocks_sausage_s3_kao.txt,0,42,20,2,m2: Block + Conv + Simple Facto,OK,0.977148599798310,0.222000,260756,8,0.214000,0.235000,1800,
6_blocks_sausage_s3_kao.txt,0,42,20,1,m1: Block + Pure Facto,OK,0.977148599798310,15.202500,18317764,8,15.129000,15.253000,300,
Geant2004_kao.txt,11,95,6,0,m0: Pure Factoring,TIMEOUT,,,0,0,,,300,
Geant2004_kao.txt,11,95,7,0,m0: Pure Factoring,TIMEOUT,,,0,0,,,300,
Geant2004_kao.txt,11,95,8,0,m0: Pure Factoring,TIMEOUT,,,0,0,,,300,
Geant2004_kao.txt,11,95,9,1,m1: Block + Pure Facto,TIMEOUT,,,0,0,,,300,
Geant2004_kao.txt,11,95,9,0,m0: Pure Factoring,TIMEOUT,,,0,0,,,300,
Geant2004_kao.txt,11,95,6,5,m5: Block + Conv + Modified Cancela-Petingi,OK,0.632414790000000,0.000129,7,8,0.000111,0.000295,1800,
Geant2004_kao.txt,11,95,6,4,m4: Cancela-Petingi (Nesterov),OK,0.632414790000000,0.000028,3,8,0.000024,0.000084,1800,
Geant2004_kao.txt,11,95,6,3,m3: Block + Conv + Modified Facto,OK,0.632414789999997,0.004000,3045,8,0.000000,0.016000,1800,
Geant2004_kao.txt,11,95,6,2,m2: Block + Conv + Simple Facto,OK,0.632414790007725,12.598000,14682400,8,12.500000,12.656000,1800,
Geant2004_kao.txt,11,95,6,1,m1: Block + Pure Facto,OK,0.632414790007725,44.084500,51641642,8,43.996000,44.255000,300,
Geant2004_kao.txt,11,95,7,5,m5: Block + Conv + Modified Cancela-Petingi,OK,0.699064984718100,0.000306,62,8,0.000286,0.000754,1800,
Geant2004_kao.txt,11,95,7,4,m4: Cancela-Petingi (Nesterov),OK,0.699064984718100,0.000077,14,8,0.000071,0.000093,1800,
Geant2004_kao.txt,11,95,7,3,m3: Block + Conv + Modified Facto,OK,0.699064984718097,0.006000,3371,8,0.000000,0.006000,1800,
Geant2004_kao.txt,11,95,7,2,m2: Block + Conv + Simple Facto,OK,0.699064984731161,31.611500,36934258,8,31.547000,31.726000,1800,
Geant2004_kao.txt,11,95,7,1,m1: Block + Pure Facto,OK,0.699064984731161,94.849000,111371166,8,94.535000,95.103000,300,
Geant2004_kao.txt,11,95,8,5,m5: Block + Conv + Modified Cancela-Petingi,OK,0.765180873969210,0.001446,377,8,0.001420,0.002383,1800,
Geant2004_kao.txt,11,95,8,4,m4: Cancela-Petingi (Nesterov),OK,0.765180873969210,0.000380,42,8,0.000361,0.000388,1800,
Geant2004_kao.txt,11,95,8,3,m3: Block + Conv + Modified Facto,OK,0.765180873969207,0.014500,5083,8,0.007000,0.025000,1800,
Geant2004_kao.txt,11,95,8,2,m2: Block + Conv + Simple Facto,OK,0.765180873983931,51.187500,59727108,8,50.834000,51.558000,1800,
Geant2004_kao.txt,11,95,8,1,m1: Block + Pure Facto,OK,0.765180873983931,165.905500,194579184,8,165.289000,166.167000,300,
Geant2004_kao.txt,11,95,9,5,m5: Block + Conv + Modified Cancela-Petingi,OK,0.776652881984733,0.001290,275,8,0.001244,0.002548,1800,
Geant2004_kao.txt,11,95,9,4,m4: Cancela-Petingi (Nesterov),OK,0.776652881984733,0.001051,77,8,0.000681,0.001939,1800,
Geant2004_kao.txt,11,95,9,3,m3: Block + Conv + Modified Facto,OK,0.776652881984730,0.189500,34308,8,0.179000,0.198000,1800,
Geant2004_kao.txt,11,95,9,2,m2: Block + Conv + Simple Facto,OK,0.776652882000732,70.964500,83208086,8,70.669000,71.528000,1800,
Geant2009_kao.txt,107,264,12,3,m3: Block + Conv + Modified Facto,TIMEOUT,,,0,0,,,1800,
Geant2009_kao.txt,107,264,12,2,m2: Block + Conv + Simple Facto,TIMEOUT,,,0,0,,,1800,
Geant2009_kao.txt,107,264,12,1,m1: Block + Pure Facto,TIMEOUT,,,0,0,,,300,
Geant2009_kao.txt,107,264,12,0,m0: Pure Factoring,TIMEOUT,,,0,0,,,300,
Geant2009_kao.txt,107,264,13,3,m3: Block + Conv + Modified Facto,TIMEOUT,,,0,0,,,1800,
Geant2009_kao.txt,107,264,13,2,m2: Block + Conv + Simple Facto,TIMEOUT,,,0,0,,,1800,
Geant2009_kao.txt,107,264,13,1,m1: Block + Pure Facto,TIMEOUT,,,0,0,,,300,
Geant2009_kao.txt,107,264,13,0,m0: Pure Factoring,TIMEOUT,,,0,0,,,300,
Geant2009_kao.txt,107,264,14,3,m3: Block + Conv + Modified Facto,TIMEOUT,,,0,0,,,1800,
Geant2009_kao.txt,107,264,14,2,m2: Block + Conv + Simple Facto,TIMEOUT,,,0,0,,,1800,
Geant2009_kao.txt,107,264,14,1,m1: Block + Pure Facto,TIMEOUT,,,0,0,,,300,
Geant2009_kao.txt,107,264,14,0,m0: Pure Factoring,TIMEOUT,,,0,0,,,300,
Geant2009_kao.txt,107,264,15,3,m3: Block + Conv + Modified Facto,TIMEOUT,,,0,0,,,1800,
Geant2009_kao.txt,107,264,15,2,m2: Block + Conv + Simple Facto,TIMEOUT,,,0,0,,,1800,
Geant2009_kao.txt,107,264,15,1,m1: Block + Pure Facto,TIMEOUT,,,0,0,,,300,
Geant2009_kao.txt,107,264,15,0,m0: Pure Factoring,TIMEOUT,,,0,0,,,300,
Geant2009_kao.txt,107,264,12,5,m5: Block + Conv + Modified Cancela-Petingi,OK,0.282429536481000,0.000704,5,8,0.000309,0.000755,1800,
Geant2009_kao.txt,107,264,12,4,m4: Cancela-Petingi (Nesterov),OK,0.282429536481000,0.000063,1,8,0.000029,0.000131,1800,
Geant2009_kao.txt,107,264,13,5,m5: Block + Conv + Modified Cancela-Petingi,OK,0.363032101897313,0.000456,33,8,0.000415,0.000933,1800,
Geant2009_kao.txt,107,264,13,4,m4: Cancela-Petingi (Nesterov),OK,0.363032101897313,0.000207,8,8,0.000118,0.000258,1800,
Geant2009_kao.txt,107,264,14,5,m5: Block + Conv + Modified Cancela-Petingi,OK,0.526329872068561,0.012361,2609,8,0.012102,0.013966,1800,
Geant2009_kao.txt,107,264,14,4,m4: Cancela-Petingi (Nesterov),OK,0.526329872068561,0.000547,36,8,0.000525,0.001275,1800,
Geant2009_kao.txt,107,264,15,5,m5: Block + Conv + Modified Cancela-Petingi,OK,0.567518331299403,0.019274,3068,8,0.018691,0.019760,1800,
Geant2009_kao.txt,107,264,15,4,m4: Cancela-Petingi (Nesterov),OK,0.567518331299404,0.002420,168,8,0.002364,0.002547,1800,
IEEE-118-node_kao.txt,86,111,9,2,m2: Block + Conv + Simple Facto,TIMEOUT,,,0,0,,,1800,
IEEE-118-node_kao.txt,86,111,9,1,m1: Block + Pure Facto,TIMEOUT,,,0,0,,,300,
IEEE-118-node_kao.txt,86,111,9,0,m0: Pure Factoring,TIMEOUT,,,0,0,,,300,
IEEE-118-node_kao.txt,86,111,10,2,m2: Block + Conv + Simple Facto,TIMEOUT,,,0,0,,,1800,
IEEE-118-node_kao.txt,86,111,10,1,m1: Block + Pure Facto,TIMEOUT,,,0,0,,,300,
IEEE-118-node_kao.txt,86,111,10,0,m0: Pure Factoring,TIMEOUT,,,0,0,,,300,
IEEE-118-node_kao.txt,86,111,11,2,m2: Block + Conv + Simple Facto,TIMEOUT,,,0,0,,,1800,
IEEE-118-node_kao.txt,86,111,11,1,m1: Block + Pure Facto,TIMEOUT,,,0,0,,,300,
IEEE-118-node_kao.txt,86,111,11,0,m0: Pure Factoring,TIMEOUT,,,0,0,,,300,
IEEE-118-node_kao.txt,86,111,12,3,m3: Block + Conv + Modified Facto,TIMEOUT,,,0,0,,,1800,
IEEE-118-node_kao.txt,86,111,12,2,m2: Block + Conv + Simple Facto,TIMEOUT,,,0,0,,,1800,
IEEE-118-node_kao.txt,86,111,12,1,m1: Block + Pure Facto,TIMEOUT,,,0,0,,,300,
IEEE-118-node_kao.txt,86,111,12,0,m0: Pure Factoring,TIMEOUT,,,0,0,,,300,
IEEE-118-node_kao.txt,86,111,9,5,m5: Block + Conv + Modified Cancela-Petingi,OK,0.387420489000000,0.000212,5,8,0.000149,0.000384,1800,
IEEE-118-node_kao.txt,86,111,9,4,m4: Cancela-Petingi (Nesterov),OK,0.387420489000000,0.000029,1,8,0.000019,0.000057,1800,
IEEE-118-node_kao.txt,86,111,9,3,m3: Block + Conv + Modified Facto,OK,0.387420488999992,7.016000,700895,8,6.993000,7.232000,1800,
IEEE-118-node_kao.txt,86,111,10,5,m5: Block + Conv + Modified Cancela-Petingi,OK,0.422288333010000,0.000166,8,8,0.000149,0.000528,1800,
IEEE-118-node_kao.txt,86,111,10,4,m4: Cancela-Petingi (Nesterov),OK,0.422288333010000,0.000039,3,8,0.000029,0.000051,1800,
IEEE-118-node_kao.txt,86,111,10,3,m3: Block + Conv + Modified Facto,OK,0.422288333009992,37.885500,2866724,8,37.764000,37.999000,1800,
IEEE-118-node_kao.txt,86,111,11,5,m5: Block + Conv + Modified Cancela-Petingi,OK,0.594261307356905,0.007271,1577,8,0.006546,0.008008,1800,
IEEE-118-node_kao.txt,86,111,11,4,m4: Cancela-Petingi (Nesterov),OK,0.594261307356905,0.000553,66,8,0.000537,0.001040,1800,
IEEE-118-node_kao.txt,86,111,11,3,m3: Block + Conv + Modified Facto,OK,0.594261307356893,773.564000,45411593,2,772.240000,774.888000,1800,
IEEE-118-node_kao.txt,86,111,12,5,m5: Block + Conv + Modified Cancela-Petingi,OK,0.660259359327198,0.511708,84824,8,0.507642,0.517555,1800,
IEEE-118-node_kao.txt,86,111,12,4,m4: Cancela-Petingi (Nesterov),OK,0.660259359327198,0.006742,445,8,0.006331,0.007691,1800,
UPS_of_Russia_composed_with_colored_cut_vertices_kao.txt,4,62,17,3,m3: Block + Conv + Modified Facto,TIMEOUT,,,0,0,,,1800,
UPS_of_Russia_composed_with_colored_cut_vertices_kao.txt,4,62,17,2,m2: Block + Conv + Simple Facto,TIMEOUT,,,0,0,,,1800,
UPS_of_Russia_composed_with_colored_cut_vertices_kao.txt,4,62,17,1,m1: Block + Pure Facto,TIMEOUT,,,0,0,,,300,
UPS_of_Russia_composed_with_colored_cut_vertices_kao.txt,4,62,17,0,m0: Pure Factoring,TIMEOUT,,,0,0,,,300,
UPS_of_Russia_composed_with_colored_cut_vertices_kao.txt,4,62,18,5,m5: Block + Conv + Modified Cancela-Petingi,TIMEOUT,,,0,0,,,1800,
UPS_of_Russia_composed_with_colored_cut_vertices_kao.txt,4,62,18,3,m3: Block + Conv + Modified Facto,ERROR,,374.976655,0,0,,,1800,std::bad_alloc
UPS_of_Russia_composed_with_colored_cut_vertices_kao.txt,4,62,18,2,m2: Block + Conv + Simple Facto,TIMEOUT,,,0,0,,,1800,
UPS_of_Russia_composed_with_colored_cut_vertices_kao.txt,4,62,18,1,m1: Block + Pure Facto,TIMEOUT,,,0,0,,,300,
UPS_of_Russia_composed_with_colored_cut_vertices_kao.txt,4,62,18,0,m0: Pure Factoring,TIMEOUT,,,0,0,,,300,
UPS_of_Russia_composed_with_colored_cut_vertices_kao.txt,4,62,19,5,m5: Block + Conv + Modified Cancela-Petingi,TIMEOUT,,,0,0,,,1800,
UPS_of_Russia_composed_with_colored_cut_vertices_kao.txt,4,62,19,3,m3: Block + Conv + Modified Facto,ERROR,,1466.457789,0,0,,,1800,std::bad_alloc
UPS_of_Russia_composed_with_colored_cut_vertices_kao.txt,4,62,19,2,m2: Block + Conv + Simple Facto,TIMEOUT,,,0,0,,,1800,
UPS_of_Russia_composed_with_colored_cut_vertices_kao.txt,4,62,19,1,m1: Block + Pure Facto,TIMEOUT,,,0,0,,,300,
UPS_of_Russia_composed_with_colored_cut_vertices_kao.txt,4,62,19,0,m0: Pure Factoring,TIMEOUT,,,0,0,,,300,
UPS_of_Russia_composed_with_colored_cut_vertices_kao.txt,4,62,20,5,m5: Block + Conv + Modified Cancela-Petingi,TIMEOUT,,,0,0,,,1800,
UPS_of_Russia_composed_with_colored_cut_vertices_kao.txt,4,62,20,4,m4: Cancela-Petingi (Nesterov),TIMEOUT,,,0,0,,,1800,
UPS_of_Russia_composed_with_colored_cut_vertices_kao.txt,4,62,20,3,m3: Block + Conv + Modified Facto,TIMEOUT,,,0,0,,,1800,
UPS_of_Russia_composed_with_colored_cut_vertices_kao.txt,4,62,20,2,m2: Block + Conv + Simple Facto,TIMEOUT,,,0,0,,,1800,
UPS_of_Russia_composed_with_colored_cut_vertices_kao.txt,4,62,20,1,m1: Block + Pure Facto,TIMEOUT,,,0,0,,,300,
UPS_of_Russia_composed_with_colored_cut_vertices_kao.txt,4,62,20,0,m0: Pure Factoring,TIMEOUT,,,0,0,,,300,
UPS_of_Russia_composed_with_colored_cut_vertices_kao.txt,4,62,17,5,m5: Block + Conv + Modified Cancela-Petingi,OK,0.204478924819612,0.001017,17,8,0.000522,0.001482,1800,
UPS_of_Russia_composed_with_colored_cut_vertices_kao.txt,4,62,17,4,m4: Cancela-Petingi (Nesterov),OK,0.204478924819612,0.066475,4,8,0.065578,0.066896,1800,
UPS_of_Russia_composed_with_colored_cut_vertices_kao.txt,4,62,18,4,m4: Cancela-Petingi (Nesterov),OK,0.358658867701860,0.141545,645,8,0.140042,0.142798,1800,
UPS_of_Russia_composed_with_colored_cut_vertices_kao.txt,4,62,19,4,m4: Cancela-Petingi (Nesterov),OK,0.407098601154628,5.341824,98640,8,5.303144,5.424550,1800,